First Name,Last Name,Email,Username,Password,Role,groups,assigned_state,Level
Smith,Collins,smith.collins@company.com,smith.collins,COLL@123,org_admin,"Basemaps, Central Services",KS,2
Johnson,Stewart,johnson.stewart@company.com,johnson.stewart,STEW@123,org_user,"Basemaps, Central Services",NV,2
Williams,Sanchez,williams.sanchez@company.com,williams.sanchez,SANC@123,org_user,"Basemaps, Customer Service, Finance, Billing and Accounting",IN,2
Jones,Morris,jones.morris@company.com,jones.morris,MORR@123,org_user,"Basemaps, Customer Service, Finance, Billing and Accounting",NC,2
Brown,Rogers,brown.rogers@company.com,brown.rogers,ROGE@123,org_user,"Basemaps, Central Services",AR,2
Davis,Reed,davis.reed@company.com,davis.reed,REED@123,org_admin,"Basemaps, Demographic Content",FL,2
Miller,Cook,miller.cook@company.com,miller.cook,COOK@123,org_publisher,"Basemaps, Demographic Content",NH,2
Wilson,Morgan,wilson.morgan@company.com,wilson.morgan,MORG@123,org_publisher,"Basemaps, Compliance, Demographic Content",ID,2
Moore,Bell,moore.bell@company.com,moore.bell,BELL@123,org_publisher,"Basemaps, Compliance, Demographic Content",AZ,2
Taylor,Murphy,taylor.murphy@company.com,taylor.murphy,MURP@123,org_publisher,"Basemaps, Compliance, Central Services",LA,2